solar_irradiance,wind_speed,temperature,cloud_cover,rainfall,land_slope,elevation,distance_to_transmission,distance_to_road,suitability
4.372700594236813,8.830697997207324,12.405317153544786,49.12195173657854,728.0936409661743,20.687973052657576,2021.381952684605,5.801739023649746,5.741358988921747,34.67521229534556
7.25357153204958,7.129011846613264,26.676037895134325,45.73045959852713,692.7491177727995,19.11319486636794,2392.0773776022033,16.0725422158233,8.064051676534865,43.42174632744302
6.159969709057025,4.750039971006441,39.91783343505633,7.179575593547034,2275.010993250488,14.338223786389332,758.8990173895719,19.945034208081694,7.613601251412081,27.271246044282766
5.493292420985183,10.044847706922962,34.28899545638245,34.00606534822329,698.9108796388147,23.90117859029833,1878.3735578249268,0.6975175060549169,1.581304051703048,46.29690979183601
3.2800932022121825,8.689677311815732,37.26244591445799,37.31662759679785,752.6793427087144,5.01186288821007,1719.5204895998086,17.957580729239545,1.5350322239276653,28.94152850589319
3.2799726016810133,3.2074778631213587,31.351334668428695,38.89993637623654,1922.5558298031128,2.731605257740535,2500.1628265969307,12.490347618613294,2.7183349590618873,21.001086586663014
2.7904180608409974,11.064735437185346,32.6910625807141,54.31465138432324,1179.375621881296,21.349049173885554,2719.200310838969,19.470314121379943,3.6426935270933196,19.50111001186711
6.830880728874676,10.136641050693274,38.96782606261277,50.35621647178467,1964.105336692435,10.978745415843708,46.348746717386554,9.353689398775908,4.114133035014401,45.7872069955578
5.505575058716044,11.472899089565203,14.986720354367439,56.67193288744279,256.8787781545246,21.174221355176513,2025.31955798579,16.963019818370338,6.812987307491785,35.48378022898801
6.040362888980227,9.12005483807778,24.57699854572562,70.01507723108091,1270.1708648161223,22.327255129885373,164.98903936798976,1.341641965105717,0.6139703000500623,39.857169341584374
2.6029224714790122,7.940859557325793,13.848377672784089,74.10378779086794,180.6726404398783,1.561439840476786,1651.0874085812943,6.772053096558084,0.39499340704936053,21.396440754978272
7.3495492608099715,5.891551881051498,44.50672031986588,66.04046147925203,250.36768829285086,22.086619074651516,870.0218598405978,1.4336291012490785,3.9495101012918945,44.74250484290293
6.662213204002109,11.29364907521714,42.76237358746453,86.21951415616945,2275.4498880265864,11.207976384235554,927.2620325712022,19.509328356233503,6.986778736772905,39.966614464022555
3.561695553391381,10.593670839754287,6.577072454740236,6.549769527490739,434.18889068222836,12.760812225105806,1065.3459253225462,16.35778075470955,1.9746816624170014,35.465420055577475
3.4091248360355033,1.9747960361149888,33.22300690062754,21.64112878310142,1377.8096374605211,15.664812777330257,1867.6644226583342,17.065693682794812,6.432969588499704,13.28472967342608
3.417022549267169,1.776853232221146,42.009932696626635,5.64284437314208,1086.6294462416959,23.15956516825217,1008.80939734962,18.765508105534494,2.6352899725059795,13.149294026406693
4.021211214797688,5.45286535221952,12.223013805093341,60.035350703141255,933.6239830212224,0.47790236074410075,2200.7701612649385,1.7935593737837285,8.866556782694488,35.145004548018456
5.123782158161189,10.010809973209245,27.717809222105178,81.33259666074889,2259.600029649454,11.921086707945427,1219.5368828658704,7.773392091015333,8.962114945452834,39.228513151956086
4.659725093210579,11.866399357806916,41.619531903521676,25.695995208985437,152.3761522611748,17.193051060764017,214.37606892677627,1.5135942919756422,3.008007682599198,48.85652817026067
3.9561457009902097,3.079377356587046,6.357839143431954,83.79793630768606,1693.0952468214139,18.067673942455713,2353.4419290274805,4.294782720845569,2.3384378519342426,20.139495046842818
5.559264473611897,7.738372511197419,32.8968106898736,10.122728174612671,2412.146642112521,17.3133107884277,864.4173905321909,4.664378963049679,4.1424745220590005,45.92479015949828
3.1974693032602093,5.499353994625726,16.89396029490203,84.42706227846871,1444.4036403084206,3.3608782352030464,1303.9729700017954,9.435233499846815,2.4432892725424793,20.778805002295954
3.9607232426760905,11.684101177053334,41.975847815061215,34.887928415368926,2348.3739088794205,7.48488970929203,2059.4772108334855,5.444387132327487,6.740219240752451,42.339664367635024
4.331809216468459,10.342248692924942,43.842329806614714,13.620770418183405,225.41891028645705,8.967888135425337,1004.0439098746489,2.1094643256734456,8.269343611255442,50.266481695047986
4.78034992108518,10.302451399466948,42.770659564537354,46.29909953083768,1105.1039657779875,20.110930191987624,179.19111187867972,3.433072672972743,6.747266702566608,39.1278112424006
6.425879806965068,6.421278177847188,23.96856866629855,26.826008256243174,724.3786983089228,6.968996810363826,1128.0239305683126,3.0307837146866095,8.252286950131028,47.6848074047671
3.4983689107917986,5.855604774545484,39.481706039572536,29.214196666763442,1853.9703159537514,5.267624096680079,2833.901262255967,19.464228278454737,4.000072013964368,20.39910877901358
5.071172192068058,4.370774255272416,38.78197594140281,31.11964701873436,2455.113017193392,23.936200475952404,1928.785847922689,15.209920887677624,1.6053538585531655,19.455794689437745
5.462072844310212,2.091942714834735,17.764018929730227,73.25720131577638,715.6721498661948,0.2215821278367225,2017.7226545149488,19.358453158864283,7.392611926606041,24.56376285257973
2.7322520635999887,10.57958495067806,38.1566189660271,50.828708517396635,1670.0190435377788,24.945521392049454,1900.523639376543,8.850835681507379,3.6367213261584608,28.87901767012377
5.537724259507192,10.035460595865814,6.480305388619705,31.46115442826031,575.4343186233764,16.92053247143489,604.9864954887161,5.639532785086866,6.729144711029868,50.833805799486505
3.3526206184364575,11.997035569504371,28.85079513928212,56.87837158142806,1456.7926109718637,20.711732486227927,1260.8182536658176,15.986034624462814,2.7429072227185682,23.776174740229504
2.8252579649263976,11.964686789276007,14.200353491508121,65.87280730897146,1213.437968052007,7.365484908654829,2255.3099971063216,6.5924529690188205,0.858234866326393,35.517647568853675
7.2444276862666666,7.332032908827588,9.822675431091152,28.17304006235037,2432.812791115689,0.35788194167649945,313.10496368394587,6.05772913673643,9.926188865103246,51.93622306104953
7.328160165372797,9.57436785939536,8.078128065168366,40.15167362965488,1560.4654544715197,18.446737964038252,840.7798005082396,4.72686924493584,1.6042050039094629,50.45884512205531
6.541986740582305,11.420040163765494,32.85155103512559,15.360317933640543,938.8152930083651,20.853614925016895,836.1941343129023,2.6806116666622835,9.884788889936637,54.369751928637875
4.023068845866853,10.421297602112821,18.594998550722647,20.397694710447826,373.82988373104007,18.51190329883798,1301.736593507573,5.203614914233642,9.773935329036151,44.217191256106666
2.9883605700319196,4.097155068303575,33.99067086115046,62.89501758702354,462.9923889638429,3.5712571825209647,2941.302535417133,7.170862994630364,7.948490133884993,20.249945433492318
5.921165132560784,6.230713420755982,7.614253631957695,20.42225955412829,640.7606318829642,18.835698056424228,211.8326145846276,13.512484742100034,6.611258472715876,37.55172353382971
4.700762468698007,2.8561738590906973,17.611613513224412,49.63888761170011,702.3199872167152,19.223069552691026,1560.9159731979792,1.3450403601670864,5.799180149998292,28.253714718044204
3.1101911742238944,11.517535786216586,26.57965169501349,65.26893224640678,2141.478538818731,16.46351289175137,546.3003992165093,4.289088099340324,8.667710376509454,39.67562751309122
4.975884550556351,7.864833661734241,36.628926593558546,14.084538463053226,1446.9346918780598,19.152898319889655,2912.322870775135,16.19957044180436,2.929923240113905,28.983736211259544
2.671942605576092,3.9007494577863584,17.7501001172828,53.2215386684568,1356.1381872984794,21.148035991943303,348.77747913511797,3.023746279317038,4.703428064224526,20.03345505601005
7.046602010393911,8.552857186261495,30.035655057480362,26.80783661461592,375.44529248612196,15.340102855936461,1216.7669970611578,6.918638415798178,6.2129301951966935,53.22250191613592
3.7938999080000846,7.990346524807906,40.43910992944748,86.84878439519429,2164.335264038644,2.2151178492419765,2216.2761046554724,17.30671254497699,4.1413452349014355,20.024575194573934
5.81261142176991,5.260708539344826,29.63452752729218,46.1013799711936,1834.754327700361,12.190695241680272,2116.6177398020614,3.1830136917545087,4.303490218198166,41.42441740524384
4.058555380447055,2.6923547180961047,14.318378990145352,73.50936673088844,262.4040685600038,1.9412333667901267,1273.9586243128574,1.746463028801979,3.3363324416457396,27.276614217734576
5.100340105889054,8.551518553724396,5.976031262261521,51.76925608328225,1798.8042333514447,10.18857577581077,1046.1072621786275,9.742306102092215,5.664106576011133,36.90101186513875
5.233551396716399,6.96323085948983,39.803954956037195,8.690065292659629,1404.4917216223505,10.17766222814069,1198.861011873083,6.1181482744428735,8.513216553750404,41.9069462001963
3.4242722776276353,9.609343113224213,5.8507764340154855,58.8178669254919,296.1408297922678,1.6502461035060394,800.1860268443314,11.311826453228695,2.0552073611628123,31.23498016604206
7.347923138822793,6.96171676167593,39.98806690736798,85.86928408756584,1199.9215396687755,8.720513349236983,623.9454867333314,16.095717320621155,9.347608735596742,40.47802886416718
6.375664116805573,10.44790575334467,26.15748536108848,56.13700471243815,1263.2710891121128,2.774952469782871,1454.288695701081,2.829254914239589,6.9064221547948845,54.86880369816255
7.197494707820946,7.295021807132098,42.56270794051585,74.63105305127716,497.8588963918618,20.205880250230553,812.9159306421459,11.65591178263027,8.241568466166301,37.72265184376177
6.974136752138244,7.389848701121556,36.951329430946615,80.15754938461467,2369.6755528006775,23.69220064911177,869.5103780427778,10.159624331758291,5.584097391668616,31.84401026699054
5.489499894055426,10.704862827912622,44.9173644213335,24.386780615659262,2139.9408915535887,1.8079118814484652,1973.7006297889257,2.9671678416626714,7.8061911791694305,54.363273638680575
7.109371175115584,5.736570095230169,19.028472618068406,23.023811392199264,1705.65360958986,23.877880182292536,2905.9266217826776,12.517569862026749,0.2111939535276987,40.440314027126796
2.9424625102595976,2.9071598987317278,35.68753155724508,56.9333840523343,1209.5093464014574,13.06441498341863,1814.8752296725315,5.545444315429355,8.192885226556376,13.48927747023411
3.479914312095726,1.8022181012900593,21.077236544369686,39.9374199335699,1088.2372998028204,7.489141948846847,240.16860652424918,9.807902939025848,0.44938164789939683,17.613989773860894
2.72613644455269,9.428941184572999,24.195024812156355,76.38821074367122,1662.33632116229,1.9215518819040878,235.99500542366027,1.7372192531135313,8.904638094810482,33.92089926597274
4.126651653816322,8.013250289211378,30.100218528734803,81.50196548883095,1409.0364865765732,12.515606701760445,2854.7554303282423,9.245722738551098,9.9200293350245,27.064581100324528
4.44338644844741,8.892837565041848,39.94708456745355,35.04081724073104,249.4554541165255,19.862888612268716,898.8994630189276,6.1986230140521235,2.9759712486589387,35.964569849161805
3.8567451588694794,3.736123695843563,44.363338767971804,25.133997512830977,1330.006357048796,17.677161931667452,285.28028838660157,16.465386102588553,2.1426696350436467,18.58128058393843
6.643687545759647,2.9319004936610824,35.73093655458073,71.34466879572825,2035.3686813588147,1.255650286599344,1801.1433155796408,1.2338766672476287,7.6653654703875045,41.714772697115436
4.2837666334679465,1.6527189895127603,21.71067128669335,28.35851302159157,1202.1757062326994,1.822545884197588,1874.7098470878957,8.430284770874765,2.5676120921565193,28.965160496243143
3.9046725484369036,5.181169367469268,21.854280091082806,74.92221707366267,224.6957861302442,10.071832065815927,1949.0294121548775,9.222785340215616,8.662345712563425,19.36724416072614
5.213480415791242,7.694135711973647,34.50329206355566,41.01775156014484,1987.0676785216795,7.382262351198582,809.5320632940485,14.527620918352461,1.0732837919668932,34.64735356555006
3.204621124873813,5.61856247354719,14.551085830732093,61.74174143977499,583.2730771263385,5.8096080764011955,55.18094580128035,11.528322744295197,1.3032542039746147,24.415797719245322
6.510984903770199,6.093486681249155,9.418964525255786,13.120501675946795,720.690003731293,7.02511247271784,2895.3959546688707,13.377525510164201,9.792557973251125,45.50471373269571
2.872753218398854,10.993666292184358,19.18488630563106,58.02804259750871,495.2952482375101,20.087068582422116,760.1702066163964,15.563280784469946,6.754697037786546,19.4660100882618
7.4344346830025865,5.156682403744654,16.48955966616327,43.40025269266447,892.5161556915941,23.230701340796347,2031.318601277117,17.257839175797958,8.47652788306808,32.57011879062726
6.361223846483287,6.896889636178013,16.8523248182396,54.8617193699153,1916.203613652724,10.127567363189161,2122.823310937342,6.346122384777162,3.277077304647604,37.068791596176666
3.493578407670862,9.728356633782003,14.344310041996398,19.28120765831339,1346.5260628094495,22.65277505331243,1833.9221770676622,10.806651836741668,6.781013307730014,31.629832763699223
2.527610585618012,5.663699214373336,6.683727585454475,67.63426832025547,591.7150579617102,8.03739253119705,945.5931086988081,16.818150760940078,5.962706181720542,17.36559664013792
6.5773071422741705,8.031910352392671,5.714957389336552,78.33775159117442,2206.792187564898,11.91092465859479,820.5777987545566,19.79007750620462,6.051343695223322,28.699924039824186
6.034286719238086,10.554818941840825,44.50889558944126,23.42288300771593,2210.99645188367,5.650724945399993,1797.0281652810822,17.801434289770885,6.841197972400329,43.93860505823828
6.145035840204937,11.469966548405242,22.110925349434496,13.135737219213746,2189.3882201104166,16.0119010543961,2599.625944498958,7.492198526225097,5.77482377263453,55.488402118090114
6.356351733429729,3.044271549754898,20.373065886387266,7.009279813938594,673.1109073156942,24.47452787937022,2840.733849480953,3.983813692651143,4.319170574561526,33.31913996997675
2.870223258670452,11.22917006419569,32.1858913077228,59.56757753767761,1182.9744260343714,15.087327401084465,326.6583551672353,9.838911494391114,2.7954308090864406,27.85734072094511
4.292328642721364,6.667221077335151,13.730155514602567,56.602993067546365,2463.9751747381,8.945352102838722,472.93755166718233,14.85866489153724,7.6973842425863594,27.19942528451527
3.0793452976256486,4.211566077139063,42.99844735800902,51.46928008069595,1952.8299431439768,16.19543614976321,2834.761413761408,9.90212450799062,2.301410678531702,14.933499577399923
6.815517129377968,6.320925440501743,36.453800576622086,24.71550316985791,165.20181094134358,3.073016961634689,2212.24033272103,9.715299179942003,6.93892534623642,47.16140965835932
5.61649063413779,11.790342040497508,8.57644009249038,38.22700965196875,256.4910190251809,22.216477006634967,2650.1515362410214,16.78078537952783,2.3716615853608,40.42773520103858
4.154490124263246,6.672489986925131,21.703231031397134,55.53048849082471,1213.4353043495987,12.577098769495908,615.871576064676,7.291935203437007,6.2720351910468155,30.513142410830753
2.8177917514301183,4.951891908018837,40.164732302486584,47.2251830030294,2282.128494067744,11.233743550991052,1766.8817546171115,17.209914028751747,7.483428757933837,14.648471913370328
4.054911608578311,8.15070897032562,42.78928089165641,88.96176921826542,1392.884315086514,14.64661971133798,2106.407387308246,8.195415538939297,2.226203194620065,24.70628390855592
4.125916610133736,4.021528997171027,23.69606044999479,16.597378967322314,1294.7500192822965,15.619596569735062,2043.5345374864482,6.631838802998954,0.6464358435700174,29.846291137661204
6.14803089169032,2.296564945140971,29.53645556842831,64.08728709404548,353.1368798959134,1.7943951556628257,1230.3735556914273,9.13439923287401,1.3531887427920322,30.984338878988336
5.687787356776066,2.8532370800618168,11.68135784368301,39.36709528886483,1676.2722513383058,17.06543053058506,56.030726157012346,15.27269447762988,6.079669824346703,24.446008242778724
6.936063712881633,2.8444813090566106,44.646745045479065,41.39696726867725,2073.0475854405413,6.048292007888239,1752.9489098447468,2.607440354493486,8.50199174194607,41.46752783186028
4.861074625809747,3.094978281879091,14.266868055337735,65.99581008094498,1013.0080180181496,17.848815812664746,766.7736021470301,4.008742395853146,0.49771837129247243,23.631009270980567
3.0979712296915087,2.9576853128188065,42.709270965405025,63.85707286257142,1961.4684422207858,20.56336985960492,1356.260195967242,19.03375203069553,7.354805027464379,10.0
6.066223936114975,8.229184820433753,30.98586595969474,89.25675946468601,2414.743969361948,20.098962688813007,2873.1672351006137,3.5922833848890114,3.446120527203018,36.243349518863084
6.303925243084487,3.409740886191021,29.309471795154366,15.913514603600644,589.0395019064538,13.812524185197228,1203.1155997508797,11.397773626827984,4.811357280699249,33.034075403480145
5.306385987847481,5.129506474900563,25.507540440660343,13.849320197654139,1355.991114867379,13.004247307768779,2521.0068039266357,11.628357886572562,9.292152520963379,31.66412493957438
6.354835899772805,10.916278304013124,14.226792468710347,66.56879945594301,789.1310994029812,3.571899033485293,573.7364111902609,9.843526794799871,3.353116472121662,49.24807557405343
4.968977981821954,6.47659722276016,12.06112128022033,54.162887945544774,2002.8506056812143,19.38365376007839,2020.6568890948363,12.930430446678688,4.680102492697886,26.63760670469152
5.11366414690997,8.509356254470784,13.819448362807014,28.3036566575835,1486.224078114778,6.785234511167859,2931.250793772441,4.673551843372606,0.186140026868777,48.08396970079797
4.637705091792748,3.3093586476171133,12.457530485770182,11.750646364063861,1622.997802120729,12.417385570448664,314.66037161008103,11.097979128757288,0.8619072640481418,27.406271490940384
2.627095633720476,3.519034697491043,36.18337894267013,12.280951215696597,2014.9939830781457,7.106852323187917,34.876627259304115,7.506247779413252,2.622986331791101,25.29666458137085
3.039457134966522,1.929120470798028,19.005010366669204,81.00622434645005,1050.3291343898918,3.3457090749923286,1306.412549971517,13.26717846662086,0.3271297961696903,11.140527076093733
2.657145928433671,3.2738181622577276,7.313707062535855,21.308722601093148,2296.216164176904,15.738942422293414,286.95019432358794,2.9103485131256743,6.332184494180097,23.65775661304746
5.682052056318902,4.425198559835565,43.764105205632454,32.486582779819265,1379.2692813907358,1.3583008705725956,2247.6692055319318,11.460460595105577,4.292663650176143,34.659619177275836
4.071779905381634,3.3586100849058416,40.35143539853703,24.26579418929398,479.0915748048352,18.716130853155,2744.500504907191,3.7868800721281417,5.504044767143818,27.40567108392723
5.042853455823514,2.431376604449084,42.11009132780852,35.17468599571467,1770.1578836051258,7.939669881527917,1307.7227083991888,5.644996955989224,1.787739499668479,31.82321622428836
7.037832369630465,2.7666766465563084,44.79631290585741,10.901026633417937,2003.8272410518107,0.0033673251121330017,783.5478100447684,4.452325026439306,2.99452369289433,48.649328877650646
3.746461145744375,6.33817706434362,11.95580996877949,49.12008222720298,860.228024962064,12.778228480930744,1308.8659238297632,3.7384718193894604,6.6550535247846145,25.188669160600412
4.551914615178148,3.6665040432608214,20.849680756106352,10.747067905338266,2157.230216797007,1.1712977131900781,2173.108975371503,16.531647936057272,9.654762100122479,29.80272713110538
6.277755692715243,5.324833541004793,35.32953902816365,73.03030316490073,2274.743811437839,6.904238945522486,37.071943125309225,5.785580596451717,0.5516468973419815,42.865497541308
3.6439908274581123,6.785881343975997,32.84082472215169,24.865526962386806,764.5707697067414,17.674412186392903,1772.4674285592446,18.54976325910254,8.909323992509897,20.5305287929533
2.884899549143965,8.749145700608334,11.155836253594202,50.9010127413834,2460.451534516533,1.5672405405466465,1843.7421378132633,19.4015378543693,5.789967953046523,22.056857176097754
3.9487572645688402,1.9127774683315388,37.63332499962471,79.80672244272395,437.7076673170202,20.98346230890006,1916.6878582188472,11.468083351748236,5.660999689218455,10.0
3.306106436270022,9.893809188544948,13.977622873466427,60.3245763690115,584.8376041659759,0.0954980664645777,733.6460191428229,2.945722341047955,5.027771425317215,40.52536726717164
7.148488261712865,8.092954089654532,13.952704592904922,50.3014118568635,542.1396141712627,6.170596730047556,2145.017642900599,7.553510043253667,0.7404711547466247,52.52318781865922
6.540601897822085,2.358469835463155,26.478976915736542,32.568369014806926,2245.575304018889,18.522601403801787,283.26054413201143,15.974872040629457,0.9442746747747987,23.01616734639858
5.667018782552118,10.672575553121161,28.717597393668125,33.30516260994682,1670.3021255799085,7.906753743232669,605.8183060357344,7.411075501071701,6.029074456307906,51.792288171094256
6.857302950938589,11.169160205584038,28.203448313512446,61.90639119184616,465.0502797334549,2.547309701650338,2633.6354394969007,1.831642644225496,3.442537785783805,60.06727147653598
6.518360384495573,2.1413185784760693,8.659473495910195,89.50184570379923,1156.7762040840375,9.005847970010697,2218.7822206724336,11.180019727470938,9.176817262447923,24.11209831794242
3.432850294430179,4.407215305545639,40.09843450521522,61.25633113719718,1576.7152601675248,6.759832159613138,51.0992064939223,16.91790494477109,4.0955758467267485,16.467573645695325
6.962794992449889,9.965113437827144,15.624001703548242,52.41159047645212,300.3138039745199,21.06779755401387,752.6450185057026,15.938935104155696,1.4756505140912788,42.584281076378446
5.196711209578254,9.356726749028413,10.180596851312167,67.10529337033591,2217.799284177613,7.833697939628578,651.0753841495621,3.5849504885940293,7.161452393345257,45.03730210739816
6.537200775820312,3.437470703241962,40.54992319475909,44.54247704411604,2028.6484850596844,19.723311794400182,819.710920830548,13.488015826808086,2.9688665433380477,25.124077827581015
6.980456499617466,3.698167895035458,43.226059929190136,10.112099121066743,1312.4962565839317,22.296803620268367,750.2037131368603,4.488034842369377,5.278429558191137,43.52881313171636
4.090017374859319,5.389957079309511,39.48510469061802,52.79522934962233,2421.103876622009,10.845435489413239,196.95362427110877,4.442329937588227,6.993436215776441,29.564897433923853
3.050259622638384,6.5874913445057235,37.38064298899512,86.39814918295731,1102.6263502602392,22.7485785963598,1382.2321446244928,17.494028288773183,9.0076279064606,10.0
3.6396758127097084,7.9916751010681075,31.20967922556087,19.90075010040107,2461.8647656875946,9.432951349079822,2200.8730896106335,5.068412159530579,7.9323023882766766,38.257867223034744
4.635538943131282,5.373593215482611,27.034294824365574,63.65041571975659,1703.007997128705,24.101960412252705,1824.1278569051349,5.338622195708422,6.779792625333604,24.259580291893215
6.590073829612465,6.356614519398053,8.479470396456406,22.0793635360198,1623.2110558094596,2.2322381131393234,2021.8862891082586,0.11300247614986114,6.812350164831678,57.68634189693402
6.803652916281717,9.348444850404444,21.338128522827947,50.545353180211904,498.291748709884,17.175481662581067,252.63604382335507,17.4263137790978,9.46195020811926,38.49528117164668
2.5347606526559536,1.8851736303512778,19.90754068049256,13.217498219971167,2216.6266199311453,12.345351011423217,2854.957223428594,15.872636782861779,2.993449770090533,10.0
5.053736512887829,4.150587915612218,15.39015135041305,43.28152958194573,1125.9752510094763,9.691220136391177,2517.0905831906443,12.58384580830449,0.06106533725206471,26.440735396334304
4.5870550157438945,8.9901706517878,33.936804547543396,69.27388295609592,489.36017387795044,15.817796968715022,2417.2200523020315,15.03028870238296,2.7559478660120766,27.59159796570132
3.6105390523536514,10.899671795715593,24.835029403150834,34.543579560313475,130.2580479418217,17.59642729085828,2470.721577074885,3.125766491747387,2.2180192272861023,43.06543606026628
3.099326836668414,6.872613142214495,8.241848636305917,61.51749658141353,1443.4136407321182,0.10908174125772718,2798.8044193169562,9.22063953229275,6.635254121884281,29.10246916350353
4.18807585701814,7.087191595285814,13.807328077992453,72.61324666712699,1365.7590930944232,4.173827218679968,1637.3193586799562,7.0892658082407385,6.355430417667013,29.304531049007572
7.214548519562596,2.6253061190676483,32.33035054638384,83.81011465575348,1826.4486936859805,17.826151265857966,608.8432334242015,1.966152872514628,5.954940757912001,39.17366327195476
4.116014660103776,6.197829851646274,8.045234379612008,24.94457695771355,2236.619327242725,16.65963533945516,1854.182987479098,9.773996655776989,0.2116222599340643,30.046114044253805
5.09395310871683,7.092481297777743,39.04827656195075,38.94185284379119,290.57580314327083,24.15118762821693,2231.2156660671376,18.422719041818443,7.301341641783941,27.417468463493755
6.015094794475889,4.045940288164662,24.805861080558973,17.955361133085482,1855.5915768168697,19.025944756269574,2216.373006128536,0.8971764691088201,3.2691276042306403,40.14363413298519
4.31814801189647,4.3270539249685,24.22346309306592,89.36109768346189,549.7886658341973,23.76931769328345,1569.1325822589715,5.900072178526497,6.667307090615979,18.162505313903996
7.358910413604804,5.461483712598538,28.696311386380703,83.7950822735651,2159.6249275771934,17.563512538370173,214.6915708073984,4.230064630493498,5.587955363596425,40.05112843011242
7.312236474710556,1.7107475766661269,37.987238637005966,50.89635607384756,2065.7524332679745,7.451305215986078,1119.6276859060822,4.839118407947356,3.460172708007676,41.48900014265726
3.7589114791268208,4.881831238623372,18.912368316087722,76.57283002199581,1397.9050119653066,2.6341230562714117,2763.0921593054386,18.17784758239957,1.389033857685872,19.1825300005618
4.9862425294619275,3.720204073463719,32.12064610236254,49.28142806812359,1804.5827166959477,19.54559658362339,1757.5022401747037,9.414574179262372,0.9894680317217854,25.92866597927285
4.004391549083849,4.938722197868104,27.629278559831643,58.00478348023457,854.4402716409961,16.1037305368979,1619.6125103345832,9.379358317502394,8.323607414466625,21.011719838376766
3.9242024718873383,2.7575023841021378,15.681130806776853,12.575576729861412,1230.8029574387551,1.2046503098324057,813.8720080027587,15.235455284860116,9.188055543711503,23.833588300406284
2.6844347367726638,10.850536447768897,40.14519945420632,69.19798574222867,2071.928554505132,9.001261647524458,1111.6622705505708,3.1743948596980234,6.51539106530478,34.60316648181718
5.547821669899484,7.732720762317511,36.89704086427712,15.85564610899496,1202.2364732157134,23.919995387107154,2687.084806567976,9.79658054659101,1.0791694428618095,40.03870908074305
5.0133951161443076,8.630574351017142,31.33807338633702,75.21574857146491,958.7158367810603,12.51002864275503,2002.7245121052388,8.656705761009087,4.050170808037994,33.04050229110573
2.7573937562499466,9.786298005377052,39.023269163769676,71.4723874519828,1286.1098734007198,10.818228400492616,2364.2872099894753,11.978522741878455,7.302945041046313,26.886846753584607
3.8932323211830573,6.733643088755102,39.6917680383921,65.243299308153,2087.7982058493244,11.44249012898235,1368.492814972289,19.991198294683727,7.809217795900177,21.471492795314155
7.041329429833269,2.412663024917949,33.334519068601395,8.07363234460478,904.4993136900946,5.222068100129093,1894.4391861739123,15.412032992232735,1.2262752917963315,35.73621950753387
3.697809453334862,7.1396186890947515,38.48053313454688,30.76591025535293,517.0278235257852,9.21767927161988,752.6669901421905,8.0175274900468,0.05030565251155504,30.723244093866736
3.2244743604561155,7.661831739219231,32.898858466771344,27.364568442421643,1808.8336487938739,9.245331399679415,2119.327882547624,16.568305740253535,7.135763606512019,25.4297116934801
4.947263801387815,9.327114478935464,32.205630870412016,35.61159463507912,2082.3477104993963,1.3088755046868101,1288.5279877729786,3.4970964299183556,3.5981319510627454,49.79963952182299
7.428252270553004,6.032425235411633,29.74445512860737,12.449633474926276,341.52994845648,19.189190712947955,1333.2110892960893,0.7062273575483065,2.582089249601689,50.84852047735794
3.710276357557502,2.8395931793534195,35.10866558230565,84.64141495764034,675.6978706142673,10.412610797596974,1951.473750484876,4.168522612039033,0.1783298244057781,21.623300301041713
5.860677737029393,4.479647010886607,11.344204211722948,52.073190460551984,440.7327754263854,20.55449717041058,2809.4790581920906,6.874189966673766,5.4259790972769215,31.554174620361373
6.308098076643588,5.312364112185668,40.23483036795714,30.969566405932003,935.0593877971999,21.258700027997385,201.37897635977657,10.260557073445241,8.518949817488519,34.759501101486045
3.6881877199619986,8.282131033981813,39.87374110980928,38.743428951314094,1180.8423493729904,5.299851367466451,2475.9822796675526,12.341069896769875,9.57843488041225,28.688951225352337
6.141081743059297,7.493172199023575,6.169891321382366,43.012215942911034,1897.1832087119355,16.433837054253214,884.2255001324575,18.221053772566993,5.6791622586022275,29.28845979861054
4.338915663596266,5.239015621927385,38.03267002259051,56.05051833565247,1662.7542037160179,11.807045104074543,1337.3191689740697,10.246094790054107,5.168890211011947,26.050445216984215
5.661529152967898,11.858410112326286,10.154794698937808,48.83275135420231,1590.2285619482348,22.003918448037126,75.52085303727678,10.075385328052013,0.896311035617949,37.11098230409199
5.667648553804474,7.8606356032473155,18.404754170365678,83.14831772322547,945.6998718631705,5.393516979411353,910.127772724596,1.0998358954773444,5.511284375348867,44.90241291010659
5.178873420373792,3.990881313227942,34.74033025166431,47.24189604699557,2119.474127403424,16.945330007751107,1512.86741546409,0.7947398978588538,3.8307918357056763,32.62655608649453
2.9514488502720413,2.568715962514239,11.430395841932327,89.33343125998158,1231.089201755595,15.193803056318064,177.96647126884264,11.068083242135803,6.09099604479159,14.45405363736804
6.67651247794619,3.1050209614354864,37.718680964762484,77.37112140833314,2449.8518512363707,7.38253693929582,1478.3762308556638,8.819754403642055,3.917827161371639,37.22214373691325
4.103900324858679,4.082556148037336,38.28536711830968,22.723393720373544,1621.9411319097685,3.4150225912793153,2782.0607802866975,16.799689860107943,2.440976278331149,24.82895199498411
3.4325925519992713,3.1871544192253345,25.298709350433448,84.10059324473288,403.03537975480657,16.290994011931915,325.1257221423376,3.297523735765719,0.9949044885223461,15.788198383080772
2.7038757077738196,3.4589537525387106,5.255434868673343,14.891143820265468,1722.8261489810416,18.46493645330827,2295.677776945758,0.596936076129287,3.183438523659512,27.245845860945117
5.454464715941209,4.493499271285394,16.48152532699651,74.48322522175128,880.2496370360775,7.89068359408375,1234.916449594218,9.035871481809505,1.011616101163135,32.96789618211199
5.887821809211412,3.3204227505949255,29.677076735029686,37.352979945509304,1747.1852720466338,16.120815100557845,1968.9694064277708,4.825823279369923,1.81012466069864,29.62833603822567
2.5829391446392806,10.916036958577465,44.24744712109694,79.62781723783091,267.1387555897738,9.87827269028758,788.1074279758358,1.0873260294428653,9.873994777866482,28.618544824761166
5.060465291496405,2.3424543294472433,30.272541080666734,78.78481865913328,519.7154492223026,17.83017208206544,486.8818649986613,14.519505908267815,4.4688303912208545,12.101109803215326
3.6324788759896895,7.007369590487674,15.39214324256639,73.5036590099978,2153.7694213738873,4.980381872351328,489.783216670967,2.3207006991492247,5.3421240767249145,33.24887156793375
5.725863952047249,5.809166683391446,30.360228123984456,72.15258708610021,645.2309368564357,22.25537506590436,220.7709174730025,12.205558050154655,8.742504360935293,26.18610638266223
3.3718321450249573,11.814975477540367,26.599415188634218,30.897726823333468,2108.898700583056,7.185239911639493,565.0836476547166,5.692890028321093,9.955910559882344,46.24575504972189
5.95468869051233,2.6764084727645496,36.19381580604575,11.878139059356435,770.262612290585,9.194649693903823,1996.0159611170152,3.552571402064938,5.848008770979581,37.24114509839005
4.433676731502687,5.677483789980287,9.279225553078337,39.253315195038724,1642.9165841408983,1.4522988020087446,2646.254929412089,7.657055306094416,8.134114519389508,29.516514705752492
7.1836499436836725,11.679439549391374,35.44111610008112,19.74958377385324,1765.9613764235944,2.78780530803191,2444.235799917574,16.048770946836775,3.3030631921499185,58.88676305392622
3.1876047207299663,10.587824821886793,26.650663147044412,64.07084255670924,1330.371407548127,12.896547567808202,2058.5515865247075,7.902662180400996,3.092152376600546,29.16672434732716
4.205331755251293,10.07925674496744,43.51968015435978,34.418476755711765,832.7456240721551,6.689816918199288,340.19127159919697,15.040316019300008,4.056902023895874,31.458178120438454
3.0673676062029456,4.207979683971868,18.674886641547445,87.92686707309277,610.3465032906307,20.88700564355486,874.67046442489,2.5971773063030987,6.741447263602808,14.951950570673743
7.123468091392814,3.2943196675956914,30.304875725357924,59.48262657435322,179.65445094982294,0.36733471637384607,936.3225572141822,15.478151251335072,6.837807308088232,36.41101497666701
6.886696766904905,8.520753809206525,42.2811242204007,74.91084790892069,829.4713629777372,9.477351216798406,757.3712697288875,4.814973165642307,3.186632374762035,45.94554830381076
3.789708138575778,11.25844788583965,9.10038911962717,16.264597183057116,1667.5906972750793,8.433638669227317,1549.866922532072,13.580123284788566,1.3754387451594554,38.99754593465576
5.799920230170895,7.346010376646262,42.48913948945805,78.27123099317292,2351.9315642763586,0.4831907729400259,1611.305906490221,11.359052941335825,6.34234275183181,36.5188264476253
6.5861110010060795,7.501933239433948,32.51542889203253,83.43436119363852,2190.890757431325,3.1092099750127558,1077.0890657616196,18.58997987251258,1.326842328778207,32.73643227407848
5.276004057997312,4.439780483432983,7.713482364206876,46.40026309960955,1938.5554636847262,10.341066872965882,1067.8295846219437,7.807718107708748,5.806000456881834,28.548522369713073
5.148252891780032,9.579675798515337,17.03854267787265,56.53149970883308,1992.273623807917,12.321614611186165,2487.3812377391832,1.4166872578053649,6.949550174160274,42.72525013858424
3.7092614545022586,3.4639593598539955,33.32688354581126,70.00883307675461,1695.9637683423887,10.107243681371727,2369.98561647586,0.48119416246993274,7.021084389124793,25.924550493993237
2.965513839029496,4.8986319822445585,7.694024058750868,19.86128331713507,724.6884581584072,13.273441960302346,930.3095367254294,16.554485363357788,7.547047501062987,19.14431092771219
6.986078789766633,5.967082605472376,28.28681840705093,47.71811649939261,2277.2680736939915,14.878291872642038,2742.227447181045,10.5422391894625,8.734951244578362,39.43755901249954
7.002090285816652,6.829908976186777,18.83532227811827,38.88635736064661,1709.7575485740017,0.24809552819589076,2858.916900837493,15.527356631515488,5.024591970049644,41.83981787388808
5.66550728636634,4.045302190358342,29.836620710699084,17.441789333791174,1445.057514353056,11.602378986337596,986.960200669822,4.765069440229142,7.315979435819233,38.581966919508055
4.1951489552435035,2.705786659761637,6.829681352500514,36.240425894780174,366.37472611235455,24.087481022189706,1069.730596891234,6.967166535713351,6.210768716890075,14.475323521321366
4.246047873063304,7.911510445637142,39.86147224609505,10.794646297766953,1172.933305135421,12.975807003238717,1521.8461187316568,0.6990670570052469,1.9070674009869415,44.409575123705146
6.129778394351197,4.530620809022686,43.939558767095875,7.194012090706394,1204.859850884623,16.93855668647383,2823.9512294756837,19.233697259024833,0.3056119664506112,34.33677269617266
6.985551299762886,7.603001324937429,43.75511421142766,16.489134578159934,2174.952662854408,7.79659644792208,2630.1951050955113,13.390571343346187,2.8811867874854906,44.11855788900538
6.9354321213255865,3.120808510379124,34.98607326971699,86.86478448507978,1411.9557284506923,19.349784453819062,316.6782081249335,18.670781246410193,4.458185378059312,17.62949772375096
6.399377729288119,6.5519710694755835,10.203449605225279,51.710010551076444,1012.9613175289832,19.323037046902876,1184.2649223815345,5.383378507838539,6.1902041470651294,39.81321912922583
5.710158230771439,7.092189041791651,35.3305278371609,87.0948836980237,2444.3207884255826,13.032401191353474,1664.5798573518177,12.26812586339065,8.507095338506893,32.0766180712801
2.920699824975244,2.0441471366354826,5.98347665835206,41.762319658061216,365.72942398315763,24.40034558198034,1514.3660929291048,13.602149369023492,2.002644881226348,10.0
3.308143570473069,5.0343449210361655,5.88494206115989,31.504371312247063,1114.116227948667,3.1387553690663346,589.6505731313091,6.419239035126009,1.299220409489847,28.40000897039349
6.992770942635397,2.9113541078592293,17.94440876598165,48.022058341420745,200.8592204113727,0.42369162223952483,2577.8621457927825,16.97737377681104,9.63662547736956,28.670128534914504
5.53214529829795,2.165437189964061,24.545727616186632,42.35849353379736,1875.769889840633,19.2539552939274,2034.0529411605437,18.94851311171493,1.1250433657952508,17.319859879659063
2.545985258083148,11.894582440094425,35.816296712311726,13.981498162248233,2303.3837252779617,20.178888434122065,2515.3460408068927,17.708616842150487,4.810986147566532,33.316591992011844
3.0073577143301606,4.8847153722345915,32.33181506426021,59.47023674866753,772.0895909211746,3.0051807280144063,2577.705195254922,14.807432821193512,5.876359101493353,18.67604009454015
5.817508845540279,10.003681681473665,22.836108255069934,23.363245513315967,2160.02002431789,6.639570823965152,2247.584002460562,5.621547126526584,5.43667548802901,52.557205166153764
2.5253079192310937,4.17372687501952,15.945066651266636,57.66497616631551,801.3237531085547,0.43880908416572273,1323.2396977366548,5.704159237902071,0.9060199624777848,23.18185090257974
3.304040257087493,8.655778583351257,44.884980006308446,60.26709285384304,2285.8483879453966,7.332715269514117,1835.5347974961194,19.270870376876154,0.6174177943360127,21.997693753312696
5.243668946832931,9.482392528841709,22.047252089438917,17.92211251593509,1909.5085686322814,19.328546847966788,489.492564298032,0.30466146912027137,1.099560103237305,46.54467187123973
5.959475988463466,7.7542067763823646,23.05548097318702,10.214718304406794,2031.7762644194527,12.949013192814473,2024.199798249974,14.349394467518673,5.876597454532494,43.54982631272789
5.759806297513003,6.451549979776663,11.544952847666767,71.36473481581739,143.2157334410908,8.702389829207203,545.9672346604494,14.154298634849717,5.466231631961494,31.082838857182004
3.621346547302799,5.82432959854632,36.79238194999718,44.083036020392214,2410.7448569776625,9.293482372658257,2084.909275625369,12.491521864900967,2.3757208807656047,24.37918059675418
6.06089610673768,5.16311679870145,32.74728903125954,9.943922617965441,1844.0103809687757,0.03384064288670385,696.4985006543662,19.80316603712863,6.395852711363635,35.24476091617893
3.6862454374840006,11.26005601460217,13.830784511550416,89.56363695943021,831.40262892672,7.495013189130898,361.4783874491577,6.306400771698131,8.209671645453712,37.75734717017627
4.126998490796339,10.221503781771156,8.295241824633708,9.911347684691165,2090.5471956612328,16.161468540948263,504.2006255274427,6.865440089485638,0.46371065047360793,44.11551306287506
6.23245702559012,11.632782561998383,32.21997208298852,64.07799445297702,775.6508761958319,24.35486109540893,15.956484305020101,1.6708941186364554,5.006392938303021,46.33064683507814
5.7481644952360735,2.8051208465982196,31.18044857124541,88.61270864739015,2194.609214958707,21.176520674597487,2159.0314573820556,8.911682917220375,6.908638600421767,21.72705478752334
6.74611705247089,9.174108489638265,15.930381079928374,25.33030885835368,370.19293698864885,0.5898741161382282,2199.8791366845535,5.294865672073477,2.560503674343386,56.34403327305074
5.788064461501717,11.352574796620898,43.03454249001641,17.091196338411677,1788.8463459059099,22.464015116870982,1549.6507162406458,6.933395373335119,3.112320507666833,46.957824221179145
5.341543016677358,3.402947194739432,11.04231567123601,15.317719850906457,1397.6763439477847,19.57996033246565,492.47477515559723,16.70797862608699,6.1556971347443685,22.45679019297997
2.9683738391404626,2.1982108073511637,22.293392041704077,30.77838754324562,331.68272846905796,19.50940308927451,259.82746915696237,18.716141819197166,8.984456169765183,10.0
4.338579015297167,9.28176681754562,42.74463680670395,13.588893935904968,680.5451878212135,11.449893975089287,67.19560964748815,3.796088132903194,8.108747982013849,46.29721444555347
3.8260118384086272,7.531967688389075,21.78909267704489,63.83371404400121,129.7696870655555,9.95013232386257,505.5870491260099,7.51292773791397,5.852145680040856,24.778653227957612
3.7199482168954177,10.339202155961857,30.54103790656342,10.29480284105533,1225.043117114814,7.572893220829815,2673.6580495996086,18.579748186096342,7.315706091684629,32.320464404872276
7.365052773762228,2.96760995457604,20.90377591851177,48.300880892732124,823.0366258240009,1.6423714738591444,732.1951566880285,1.3299883677155304,3.6799835785675965,41.46422499432069
4.465488623333802,9.850306774528846,15.968608093946802,89.71923257750302,1536.0579623146211,5.705884087342477,1069.2712683794748,1.9379745094164325,6.427607004582639,38.951525720224176
6.960232775885567,3.617086860501318,44.359105918393126,74.1874729080116,813.3707385006812,6.165090874450615,324.9829985991862,3.339540685203964,4.688506831719192,38.54206996294575
5.6556931299863145,3.218387400089897,21.37336025260172,57.293652249635926,819.8058676167633,12.10192674275504,674.8603011970291,11.944735399124806,1.939864557752731,24.888097739933173
6.474056517708242,3.2247908782754258,40.76396814716538,31.03155776686199,1883.6636769558481,18.68611016491735,1562.4814666328134,3.0943981930193494,7.032295825078708,34.87415746660841
5.013185465525961,10.053034562429513,14.198184235643447,58.03114608478927,215.54280634804826,11.845245709948665,1827.1805224560012,19.364719990869595,5.586823141620778,28.441792937407648
5.384519423131795,8.4845708173101,13.524188161003332,49.79852443249039,2266.9479884607695,1.4461112361790152,743.603419356971,8.989619092444554,3.618284740438234,44.17443369086561
4.962588469094319,6.9921869600757525,6.245363315380454,41.217087630681576,2145.4332985388355,23.944745024705096,182.61915608310045,10.08020741096831,9.117824941282375,28.02880581394958
3.4762149389902226,5.267720083296776,31.066673015035402,16.110382022916955,1702.7312397433757,23.568107977352806,1179.188278690922,5.008506454527589,0.258294472375996,27.387468690721988
6.112260576307527,10.710605678537636,19.741053748950446,80.36135829543967,1523.7317682577223,19.62973857871021,710.2680790697391,9.472109023451196,3.191942854932485,36.61434186102288
3.903861812204279,5.620673627937672,39.57432999358548,43.23169514981242,2241.5259955351653,24.783197539105515,666.4662304571078,13.272081289476528,0.6159699078875832,19.028321116863037
2.621579832157269,10.07429411445156,23.928396267662286,21.542913504765032,544.7924308689146,13.612058320006573,2879.989780113231,15.04842502538545,7.67694679640519,31.517767925708355
5.727361479535839,6.110916539987294,43.72773711658887,36.259544824569616,289.52598925798867,24.069208756330152,1852.7384529179149,15.101974845927268,7.035969168432236,29.53108116979311
3.3855533970352445,5.45791650896153,12.421020628124847,40.201028964958795,674.8244077828915,1.8901260154187693,1675.0665450845668,11.600033142612357,3.346954576426354,25.65264442642253
7.202292921764571,6.358137749530868,39.744926718224434,75.34072112318431,2006.9878688804567,9.142018706534284,1253.1675595347326,18.09675952237776,6.772845876960376,33.969332746105785
7.269642885012937,4.664467678723492,36.06387411166967,67.35722234771917,183.20864014356,5.634531700169146,1292.5435569561314,16.366416161391577,3.9895754006497004,33.40877003780623
7.074321951102243,9.349898491850636,35.83687378576208,70.39091595951389,1498.736404200375,4.89582710335675,1627.3059614758617,15.165257482502644,7.57472522465322,43.62124674442268
4.350793501277222,6.778564095971031,38.79132912467551,5.937657476435013,2489.050038859144,3.5200737223169023,2092.3251230379606,1.2065498814411664,4.569127444230225,45.40809338738921
2.577283082644337,3.9382332990415816,35.440959637719956,40.37308984527973,2153.6706252100944,15.560341039149916,2109.41682758367,0.23687144817102135,4.152183291925072,22.363382265383198
7.141592812938627,10.94553301938297,30.048812865256615,45.914252889002505,1351.4696537046148,19.533046393682625,523.3647840392942,4.327700816189911,9.350562659108595,53.714728197147686
4.640920741586571,5.53085782441872,10.249795107295503,6.6313435299598185,252.73818228794164,14.457459985509017,1505.3371287091147,13.3041195188777,2.546247043912467,28.941078683132265
7.333274095218348,7.2073050416968805,6.301047179650077,27.08412274332791,2095.2964345257033,3.674067739705242,1241.754704151965,8.28283002876266,1.248451032965826,49.95309951812591
7.318099885446264,11.017957165127743,41.83391391262747,69.62463496538147,1537.5484196253053,20.27809424833677,2612.875629145459,8.107884560056302,5.866203976931608,43.9980074773365
6.765047277336801,8.054498957096918,29.666012580829523,16.65432498696492,375.8391929429604,15.898867679093213,1897.9425744429454,17.703279075769313,9.69475203222758,37.21459390042203
3.9722444603479286,2.727429427437823,36.86149163904705,50.50136117347029,325.2574835760549,9.704142653174888,1602.1871585837855,17.92170067782359,3.8095001765855065,11.277941979243073
4.4254886430096265,11.368237297941489,24.260894060502004,23.29215912146519,2283.1043666478217,16.853257388401573,355.02998011496294,18.192587754666356,0.6672657981063761,35.85519666551984
6.755683357584284,8.090934557249888,9.69232755849578,6.030265844730929,1706.0806310513883,6.4976244810708215,1820.8572890770001,6.346173722649042,3.426087409730196,52.887447246476135
4.084610025781388,5.016508953899404,10.007431688102017,25.502123895961027,2090.2883183602135,8.629805212355263,360.4396779838979,13.852010673511307,5.084019960479606,28.130361260378237
3.3474637334304624,2.962356762965566,32.422611489158854,87.94926916735457,2209.5493606774417,22.937146078299754,1018.2476609415987,5.505500307359955,1.6611339159905263,10.383484347125437
5.284006312291751,9.837264487338107,22.212235795978508,73.13065451005411,1472.2536449159734,7.26261264178551,437.0974747948523,3.8931356781815505,6.598117069662095,38.43724161386227
7.180773870803905,8.010763937249392,13.020989068013469,86.56401476728784,1341.871244212099,11.749706703948416,2079.3002046028632,3.7741859012126473,9.977606420651496,46.32168423765998
5.980148983374865,7.101341465751376,24.663781869657477,46.467593733740806,1133.0257847703765,22.253528434900367,626.6938203700963,6.90794165518552,4.544807786015365,38.676313247966924
5.350305850446825,10.885872122035055,7.5683574830053635,14.327576887587798,860.6718106986863,17.693033756688187,1181.6595258321977,8.656156633618451,3.579549139465615,44.44387002487713
2.9858824688538426,9.780270717857572,28.278856076575952,51.5765565627639,1143.0303060609083,1.5550806541175688,2688.067585080148,16.63588850399586,4.037006460002943,29.524728916700173
5.575036133495849,3.0925862371938875,15.759736177403907,43.622073437596676,1957.3111737523752,3.6825761069742584,620.9059863629212,2.4858327601069705,1.1957044750322512,35.437761661768796
7.450269250521316,4.773081711853257,36.90236402548753,76.77035203286735,1544.6162344363158,0.19603976929792044,1528.3371412367496,14.725024363158393,8.838572334190927,37.318282358979864
3.20042007618262,4.10913596805189,17.41447835694295,13.33701936666079,2242.055895891631,15.773044755729085,1263.6222668864057,10.675952792367175,4.177515272437452,19.01801220334012
5.091648261818683,9.311436072013109,23.20880596327205,46.50049664685115,1164.1120345100505,11.191835635260459,64.1908827267319,5.830112319252249,3.9033803936771707,37.85269124994035
6.886865359639777,1.8520905647256836,5.464821596324025,17.75413649898866,1557.0149889250097,3.356871272556888,2380.34675958271,9.907109732203208,6.613918215658219,38.60398276444159
6.203843088771022,7.4838416911488235,7.897875511782355,32.5974537856551,1615.138127420773,23.948353026419262,216.44725988065318,6.06884718856275,4.448232538264678,40.21268756863303
5.98507870497634,9.50581620027725,20.699742256267392,67.67535157796297,1520.0731895351812,13.241493098640497,1428.0225127210913,11.962030909242287,6.4999230146380675,37.32052864834832
6.012420419935546,10.70603918599837,24.19755338868494,45.46154099634516,1786.3210554052391,6.047332352822229,1686.4281018674603,8.733494064819359,0.6613905868013357,46.6138492291109
4.297455756098776,5.091858361517028,29.000821924772147,36.95050423739039,669.8403240995351,12.51508927886769,1888.9951052776153,3.3716700286696866,8.146547270036162,31.58572025763569
3.9679592213224666,10.123201699056136,16.66650314837213,38.530483678453,1329.6730661098975,16.990508318377696,2069.008571630548,2.420003183658365,9.408014331150056,40.88960518712749
6.546805777392568,2.661633238029676,32.7992754450617,44.05297531450886,350.1395267400344,1.905980449339112,767.2844267329181,10.979244073235389,6.505215592285889,35.379825433248946
6.550566973395904,10.387749063212441,39.40489588756818,71.72640622614983,1022.8271863475501,6.8675953761973,39.836542208763625,18.05801936239346,9.547930992145167,40.61719539450835
6.835361592900519,2.8386309544858155,36.194039555733994,80.82719855991992,1270.4009646910347,20.17413727209984,2173.096550441187,6.944757962497942,1.5567515279811348,25.734577422877575
7.066202762782357,5.671516550883856,6.584753013934286,86.2034483528339,1665.338222909134,11.491621760066531,1611.61323204926,14.6867021337302,4.800291085329519,34.17837460353341
5.056711994304689,9.871601340685313,24.220277890313156,71.88678783170009,2381.2745262068884,13.664428550807372,2509.991932589674,13.207360963301362,6.0379770027571995,30.06908177424201
5.007581473435998,3.0741329871621246,9.197207136726995,31.809586138581082,1541.562559716054,10.820400055236732,2465.951205073076,18.637942794758672,5.838279641840807,22.91400296972169
6.491475894833876,3.9071396499427355,14.681800634501098,63.49145001735608,1884.6253988237436,1.097498566075128,2531.5452416857706,16.437522244252904,4.04454470193598,34.09729756678222
5.749819653888826,9.083651968127196,44.46650373068586,42.19626554470831,1315.0385427884867,4.143744495503898,1460.433033338825,11.375444652218713,3.4139398731943005,45.44051576454658
6.009834386288517,9.060383633733782,10.69982171606053,26.64700287391435,1621.8496753031952,11.138540968547272,1007.5489035522284,13.174906914858735,1.311899024376667,43.08173546731294
6.478963347180505,8.232050145295622,24.955526138054243,76.47408425120342,270.2373187210562,5.2296366351981955,2376.759025748196,17.977890685022295,3.9478373830946674,34.01813883402428
6.950026709087831,8.78645866690455,29.726229372724763,8.266239661797625,710.5397940204327,1.2494757164919683,1359.3693979574723,8.050423813280002,1.668475110299577,60.55125523025024
4.189975784257679,7.19860665514976,33.098598821764156,81.649769331511,968.4474236923329,21.091241601295593,558.4921672462692,6.603214646569769,7.356938481097572,20.356507186438108
4.37791476319972,4.143890118523004,27.385947339476566,44.2255844931024,1233.9840520156326,24.529813229102896,2566.372318488808,0.31514056434040716,2.1278678081711697,24.955944268710688
2.969909699204345,5.129807931791154,5.390833896767346,59.16212552870384,209.55698920572098,19.828571849918486,2648.8540315493183,16.54836637641014,0.6327247875811118,10.0
5.39140070498087,3.4067760264149696,18.058452329759675,61.04508338749153,436.05783412796245,21.344623042616675,1404.2661708591086,16.03951593802696,5.546043071281481,20.627205726697966
2.6797113689837104,11.038730894003098,25.708465735388458,81.08500796005559,764.3543386991339,6.0494282579261345,236.34218465626452,2.1786449101930123,5.972535840558045,35.235588661375786
4.827990090662301,7.625613845044265,8.514659965793335,59.11692298421262,2431.6784581625216,24.015674387829993,1169.6000088516244,11.579461884540734,8.72553495974103,23.838796921154568
5.213223173537883,5.708939876018219,19.025077248367232,57.18435470460525,895.2328170473219,4.9231426113357095,2412.577601793184,9.333235793521059,5.790967043555934,32.899393192719955
3.932706260641422,6.351060938263394,6.328124351654663,10.665423447658647,1256.898539468998,23.785745259045807,2706.3043453532237,2.462311000631318,3.4875344945482847,32.08735343956069
5.454166302845054,11.44647506592406,8.14313988620083,49.064681865342344,570.634510572143,24.870482349148777,618.3835000678116,19.6133077185084,8.03996822118689,30.507250645026048
2.652501249695247,3.110189732718842,20.87693104806384,17.76436506944854,1565.8721705818439,17.793070143651217,210.25109995556184,4.372448160520773,5.425774987214839,23.24390606653234
2.686740943746072,7.655413236176371,10.308630161722414,67.68187034132627,773.6397172383383,24.52859329479555,2633.2778548671877,1.4379601838021667,0.8388388320803578,19.01535614938823
6.613002803298292,6.811831128286893,27.701633930462325,48.53886326907733,596.7821882522243,14.238494489177592,1174.320767546837,11.937462852088,5.680213075116804,42.14462231356036
4.300953207056315,7.9202694720638025,32.578598765490625,62.81936123271003,1339.7743082703498,6.488544579402259,1629.865283160014,14.80344687494735,9.08478452694554,30.52134341897936
3.135302563259424,1.6901569301188253,37.02346796436331,8.542196551202663,113.21391798500997,10.924897141640521,2904.5167780317693,0.7456245763390205,3.993310623707294,29.669219637876566
5.111216300274021,10.657301043913591,13.006009769792403,12.207321363893275,118.39367835814079,14.839023384469648,209.02853646352634,13.20848101066774,2.99844172890301,42.2246361463296
6.349967765493054,11.28724196607793,11.69930329036279,65.887487985328,625.7651418444586,1.8270390506753746,1948.4708422817657,10.692608331433942,1.4775210973292994,49.14002347062069
3.5791051374842158,7.433898427686694,9.18271361337601,11.127168559887236,188.13127000197073,15.558581615431152,231.57521349885255,2.1549736766134635,1.5568829432568052,34.098161308679536
5.614452379095001,8.814833650707369,30.457209981745468,11.05682186004698,359.2618099136593,24.529445919057363,1132.652096114836,3.533225151232605,4.356076269201098,44.13313801369558
2.92673732496884,11.186243502361604,33.25902905947605,6.029220394965433,913.2655584130039,4.752691244593191,2413.4054901284057,11.40268851659,5.977014250407218,41.83944265435788
2.7584086058430386,8.926005660290684,6.2634457930256815,86.3026188554558,2026.2056309915508,19.81487790720958,1306.0819759393469,5.997516508914438,0.8521232814375373,24.339094901105227
5.15677315784074,3.1016599505997444,42.448489849747595,67.6882105540156,1472.916744086322,22.697469844490485,2991.5752381698217,18.77248300016119,9.398707460800399,10.0
5.2031756080505325,7.5510277817515385,7.078851346058896,35.026369722675454,1330.4025422953994,23.59253982050552,1681.5872619903405,16.392930566732613,7.563579493579699,27.113359895435373
5.687149507491033,7.8705079870199866,26.65185341204282,30.205524409450693,804.373175699492,24.00339011013618,970.2748363815009,19.672987409621893,5.886907986922443,28.67174936131333
6.1304566686133075,5.953372048675053,33.36242077803666,34.72477452839721,2336.2089266387593,13.036490968036798,668.1328644552118,5.267449695113237,8.29296477584296,38.14828337831135
7.379260397312673,9.23266447405959,39.83876494984342,70.84555015040046,1052.83609896926,24.432697699787592,1058.0563975156238,19.397500292679744,0.8478582302805272,35.201602457494374
5.081501741505976,11.310853655074656,33.56347728529711,61.216501940985225,309.02264030985157,18.93275517836097,1123.874488541057,8.681554008852,4.7945468334445875,37.20123454327906
4.11478236470623,11.218469385521152,37.069123322791675,20.741623268734774,1580.9596386827232,4.041785905924048,215.45389639464332,7.015624026743716,6.31942661227355,47.09597717111796
6.475930973843518,6.233813399743387,18.57800770171224,19.79929350339717,373.21214434384336,11.92250266169925,1115.0268562860517,1.1019555866901296,8.295096415876978,48.51288725074858
3.854161256310371,2.6889994813279303,37.59300454986049,13.363630225638772,928.535542724061,17.9582793843001,1398.0731740202825,1.1500286314060921,7.845522122490213,26.564444090128646
4.6948571035281805,11.840832589104513,8.204593855387007,61.12573117461374,1317.7886529227412,6.183507895477083,2170.985879194026,13.871023993338428,2.806839034648326,39.51459108401114
2.8922819067113297,10.308429907682308,40.792666242421106,69.97167628884756,2198.134059244422,16.015379588722183,1973.6211593176079,9.212786989237154,9.411757687114083,25.622693738493748
2.6267537170772877,2.808958152634302,26.90369504614945,27.52894640762534,1284.5117928162847,16.66501197616548,2129.209309135171,4.607780358118503,1.28724112223716,17.92935343845327
7.313242073389626,11.16883976748241,37.69191079849975,6.780321687627589,1785.4210384759942,4.067493595214147,35.007408811802726,12.318009095872128,8.757579505280464,58.69317262407186
6.6799006025610295,10.633911801652348,23.092731380732005,11.984591735496323,2482.760413597769,14.127132811318907,660.8255247458028,5.131876553177212,9.710855483565954,57.82821477594966
5.97987103046849,6.947799599823758,30.743107807860998,87.2681029618276,415.5738877551559,19.290672774465193,1988.4360223155709,11.594871911454009,1.8126775560651243,32.01205199206577
4.544764722071349,7.708392075321757,26.056106437444527,30.112806085580722,759.3556612468468,12.472391613398548,1457.128210857444,7.248254064955537,7.2345573388276625,37.67570216843793
3.3664716003542288,5.689528390636368,34.263580870213275,70.38396756624135,1046.9825814343512,0.30257791940268564,25.887292248354377,16.4886893095752,0.45084091184108466,22.00853720121131
3.2821852133554303,2.0749972076313288,8.265199281223584,58.09640335261242,1112.3876284931953,0.22596172698230443,2415.438980871149,16.431853599258908,4.083957110134591,10.035484972211322
3.7512144908229765,5.01957103728196,7.414083359622552,37.46486937049615,1086.45058063731,8.925733599250304,2320.7006241381087,9.599272922635786,5.187018827016856,26.968032345827677
5.246133323530602,9.92996121027912,14.884129360405858,22.483417286622185,2278.266406135732,23.15485171079455,1649.7732973507523,7.081300275766809,5.827419997800859,39.48052541632705
6.072979613500312,1.54863624154833,11.381787204527534,15.317845543549547,1813.6783467204555,5.716919490090219,208.72534407105363,7.3149399515259805,9.362575620073168,32.80393512285105
5.800986883588656,5.001741302757014,39.87134266368807,57.276102283303665,1558.972513817689,15.859092221792178,2301.879998102428,16.133719060797535,6.738894338577237,23.607796458699337
3.8996694847297144,5.680771282704905,13.768559494321773,70.84387135421198,842.494522870677,5.551896767333014,1755.3036273167781,6.630771707672478,4.838715614631408,30.192727912921793
7.27432640331597,7.14265383084819,44.03461023276525,59.73186155099611,2077.096922131107,8.041749741488715,2348.060331702298,4.260281536766235,8.1062666108456,50.83073465292946
6.189484583478842,11.158483972333984,18.475831670844272,50.075681326178454,2392.1452275639735,21.2010522400371,2257.723507263563,1.7852980033186059,9.507801568496369,50.4078682063025
5.271770262557004,5.136632940842594,12.284716627547972,8.565853991689082,2070.8758781205433,18.221536056748672,2410.976195153933,9.387193105599726,0.2695581793887939,30.85727443497731
5.558603731171761,5.143008619910391,36.58794028569916,87.32154609552262,103.75625245953498,2.3849819328302657,1558.8441185498282,9.694428768504853,9.826086658947585,29.84100414463921
4.59800031213895,9.243763105152357,31.348311020035045,72.89070629063885,1627.3632884401768,10.71755052466084,429.5703093986098,16.83408333701785,0.9070147836836193,28.623235958413296
3.738654947505787,6.248288379342975,24.92782865812556,29.889873119582003,222.72491546104175,0.7292440911316117,2016.760845405269,4.5026500592766725,8.153148453724176,37.75099830375725
4.279863393256308,3.8583506408698107,27.21454203750525,88.2974779955023,718.2573288009324,12.022253665075224,1865.216617305392,7.681726346001157,2.839330787886554,14.586624453450039
6.289230552321845,6.25061491939328,33.768071130890554,56.15993511908738,242.85928083465205,16.560850292526702,2229.3370297252704,16.18727420398445,1.365187594651024,27.95727633499281
2.5719674431487793,2.9789987139878984,14.138189653251949,54.50592594761595,1549.1090870785306,2.962565589953789,517.9442080916986,16.490109853904574,4.426563615152657,11.320070126578297
3.0803632025345813,3.3520633583153447,44.853356642269674,68.58622025151023,1747.8157923822562,7.222123472729142,592.9758477018647,7.7537604119774866,6.457367965503754,18.70711814631002
2.7300132101087637,6.732861613764538,43.991726485871325,74.0004319876617,374.77033135817226,9.945915637553924,2672.3244564857923,9.236568063404949,3.840470857983576,14.270680022375945
2.7036440115948506,5.898717219797753,31.013027453877477,60.800681623177724,1021.2133193079508,22.988275616401243,2252.4336173716915,6.135389227900729,0.5929258124128546,16.583735245692274
6.777302920055036,11.10588196121505,12.981698037165806,15.888138441127001,1194.9676214933008,24.831375385574102,2725.6031812139654,18.65784208054431,6.01463833960423,43.81313715667866
6.018289296900118,5.3051359407246474,32.209129697251655,33.752738009532365,985.7272522261998,1.1227824748903963,2278.558810280123,2.461010938257448,9.028912597301213,48.903964671588334
4.870869145436626,7.5961776779194565,7.887936359167034,83.88710942771422,390.46000116446334,19.0251980873848,1795.4943649110025,18.681613517729254,3.862992891175154,21.08388101422206
2.9891708032550075,8.13877502315507,6.226100088232243,24.092327006727412,1105.474696449941,9.29310166005858,1965.8568837133423,13.70894239152333,2.2025111374267285,29.748876835110067
4.958079375584162,1.6374917941775031,15.307315540448547,36.63419702618863,1902.8273147402035,9.811454655737,2668.49249258063,10.67828583846595,4.453644592031512,22.120867928768494
4.867358853902829,8.467142406175462,23.504918269572652,41.72653505025666,270.41839487981315,18.85662433367557,1740.6321959907023,0.7499153096114678,0.5312089749353697,36.22014951505315
3.366009349550076,3.36937765213239,39.73090021633522,42.34942412402844,292.43203379656825,22.960660803635218,1900.8500597418783,9.564364217257964,8.213851465578735,14.034997410854169
4.669258246189865,11.59123833342928,34.08676279065232,57.09986451203467,951.4511004063621,23.77321486256371,477.86538085076575,8.214187289554372,8.272091068954358,39.20745848422197
4.492523671986867,3.060958641407686,34.70826084799924,85.16144620830015,2360.14170788542,14.428064650958019,1427.024448147147,3.308254358304939,5.900604611124802,24.79911039732554
5.579250490261082,5.8535532991337496,22.019733377923014,25.45888050576292,1704.5743521349937,8.92802898251257,2152.027364754716,13.162551109663072,3.563373744936975,37.745820749041386
5.675468254338218,2.3961715148257605,18.837399701878518,15.327616985578036,1728.8078960141556,19.688727146469482,820.1186679659326,19.425903056628886,8.007844476235544,22.80683386757353
2.7265200488602224,11.967179644382448,19.841550519384107,21.78499163809467,968.607978010876,6.275034581557507,614.7399997683594,11.28755734018405,5.569135896644253,39.36105302463415
4.373063073132356,6.7730476084780475,44.505982549442315,80.38861651778791,1524.7858989004922,14.101850720837945,948.3421565910025,14.32359020123452,8.26802647007266,19.686121241782388
5.629299578571182,7.751542681860459,6.604367656499299,59.89391907569251,124.3148416665841,8.96446153812183,732.086877698572,1.462164006063734,6.3330149862010545,43.42746573884034
5.015681292900439,2.204303012578489,39.681259844897944,29.302077085328612,1626.6305113829012,16.415776842696904,652.5887847388236,8.411573216758194,7.854834458467332,29.901182245193034
6.782449205941611,9.374584939191367,28.147016342895736,74.35548981233246,2291.8886741829683,6.009972822337673,1280.30402017558,2.415533854773468,6.005701782516711,48.4564569113648
5.793468158094726,3.7040087275036506,22.54461676758362,78.21644969089206,1570.1763240275661,4.789823643370644,2724.4371565117667,12.294637127176555,4.170703628745878,30.920441807151477
3.3146721354071484,10.929570039127494,34.01030641660546,76.95371878867363,2196.876624319228,22.955977166885926,1526.1083437487678,18.775794948461677,9.581561306265069,17.626042264117157
2.852843737002149,3.653966225061075,24.466757656988115,83.10875535936214,1837.5353331186252,2.5450920737384224,571.8819386378159,13.269376876185605,5.434082557544505,15.802897890419409
5.712096391031578,3.5022210669684988,39.93692952326642,26.440486714735734,389.3401993688566,12.648947693373291,240.14529144881348,1.6283806614569885,6.070640709478356,35.188768609935465
2.632556552708109,1.8837715124049963,41.02807456045034,69.17856394343366,2265.8879374860203,5.521319574075223,2091.5068739623966,7.157857479203147,2.2438520121767547,14.720842869179046
5.428877906367316,6.456702923654992,21.868837074938217,44.1458572683019,259.4652264538597,0.9732490831416862,1154.5683056647997,11.058201250872944,6.2752253548014005,36.63947348580298
7.201151207124788,7.4308318992574725,16.073111889402064,76.56987699565524,1381.521934114633,0.9004704572856598,2467.274530290224,8.123834347051718,5.737496112355291,42.60955861767361
5.377370889379395,2.1899407139977,28.694013143734487,66.92170755873713,441.1290971042984,4.380544302645683,1981.9371982359028,16.68951580845593,1.889142059572898,20.895498366082293
4.440849631032609,9.643039975297611,41.49453382466764,70.99803295247659,128.09586575416975,21.669258862650008,2390.761937118692,16.311952993728784,0.64289161866378,26.785937798284046
5.716441092211766,6.25953276485429,13.426487560226663,60.77375620289108,1112.8822243063337,7.061968599425667,823.1186578611618,12.275437300054106,6.063375231161972,31.457635915373093
4.791264452457583,7.00609782793959,29.91866334253931,20.081445404925084,808.097698369975,23.761479264382395,2080.1531781585636,7.531813108140834,7.648738080035688,30.042063004266186
5.228083946579675,6.128008842851395,30.262408803700822,51.327288106239756,1266.4011851142473,14.54055732472984,799.5453342342191,5.181193837888558,5.257843640673982,34.53358673823052
7.207324043882625,5.708012139190923,34.32452089661124,88.6969278595832,1485.2797281629219,10.915354744219153,2817.8147535563717,2.2068989324412733,2.306387621930474,40.98142723020095
4.430513189003872,7.3762234787362875,10.262707405090392,84.6779856522551,204.97377354147366,14.502220866736366,1912.7591017847894,7.1624639013824245,6.681893668095697,28.539225411035282
7.305952819119571,3.130022582272481,33.63299858728354,8.669767542745992,395.20790829698956,12.917459630656694,980.2902825242728,8.322133092433617,0.8470519797655424,45.280264494370435
7.026753209780319,3.4102453702003466,41.36130082662564,19.009259337002156,1440.7417514810209,18.96940634393313,815.8404682538952,13.548876209571063,4.446245362779448,34.14684628507577
3.478955673946482,10.548749020641932,12.187324354809679,16.196945743637762,923.6016476143798,7.062401649321306,580.8704893642141,13.19738050352171,1.6754992460642808,42.6979073261578
2.8468065043758273,11.434212352403144,14.501732996955106,66.70829234875012,1850.0163701186752,8.82625979000756,2086.976467092246,1.4951519788610133,1.8853675580458393,38.00884786347067
3.0038900068871333,5.419747820937406,43.855803761665584,74.51175303784034,1665.4999566206552,22.352357563331267,663.9596828638026,7.965660377080039,2.062824794124126,13.351277130257051
2.5911091282577488,4.342819068007314,12.23907810837959,23.148466136407112,2129.4504711757763,23.661412828760138,1789.9567651231923,3.717399457625502,3.8977352175875795,16.385579280610074
2.972214803779642,8.261995204009665,39.17540373478317,47.99747890090546,1761.9827840061407,22.31395568716186,801.2587305068184,3.220572835804433,0.5589445459229564,26.885543221680823
5.915033867081784,5.7917087965300125,24.69111425792139,76.459757380952,1131.8345857363556,10.48619984893284,1989.2871449336672,16.563312779771195,4.008044737244527,25.742655877413686
2.855943242301145,1.766556734433621,14.889242976127083,67.2881313051313,1715.1198937466377,19.50913757517204,2446.669788336212,0.9341128126535247,5.141489098791273,15.811364316183738
4.094878151468807,3.139602272344999,39.829996050900455,51.0901624668071,760.9148182130044,11.90839333252747,2336.295477002513,8.441739230452214,4.858778135414935,23.048292375202436
6.7243765548472725,9.017708402897675,22.81221020010662,55.179553688995696,835.1523970677105,12.438496303652554,2284.945479483037,3.4472527497537118,3.858701799010253,46.38112248745022
2.6163596786791294,8.41870139005659,25.59269415718761,48.2106464878838,1993.564383809904,5.117002726432099,571.2899930198337,17.598671292001633,8.399508750303987,22.701874163058122
6.572342412944679,1.7845079212865766,19.369334775990627,30.291618362099747,1171.4068393637972,14.778257581462912,274.27099148371093,11.185106214173198,1.4960005895840158,32.22360857821481
3.909273873867,3.830707700295969,28.718034057397098,53.02686939301637,2016.112817244046,4.653397443833699,2099.856997177283,4.704474663899275,5.081682600624671,31.70025213438846
3.0908241381082813,3.9262853641747495,11.54095490340091,63.55525067425771,2073.813696803868,8.289117476679845,1111.3581692451105,10.09830301461089,0.6673120987177152,19.399705218969103
5.983685826820754,8.554873807786649,20.643261466070427,79.23244784816865,2158.149610387081,21.37575504049838,1302.7152169460085,14.656578558092004,0.757999004835202,31.221034481837414
5.644714233899419,1.7069606464208236,43.7764928934115,59.08476508823609,2299.9245660188976,5.176895230271381,103.13578745223928,19.16654837749673,5.7599652042871075,19.739998619645394
6.887360067635265,2.5931401108380254,15.325337308045102,69.69533064866843,1134.364529231911,1.7789571293358204,786.133583332397,4.4868754844838366,5.681883327633818,38.983129831038276
6.175355219019429,9.899118896418488,31.269466581651688,18.606088971138703,865.2803639707332,1.7251898153204075,110.69244758464743,17.73501726537397,8.786433452802347,50.78299875389847
6.517404651924243,3.374718951570503,18.007602568987796,44.23238532568214,1497.2769918258732,23.519613012577697,2638.7654600777305,18.692651871933055,5.600843072817727,19.051084123219358
3.910172862856532,8.353834132444685,35.93892502746402,5.7931876853029305,990.8138162503062,12.673010949045866,737.7560828234061,18.336768836188117,9.59992065302826,30.08693699165965
3.387197718898614,4.000919200990628,10.234946428733993,25.967703484337957,1542.578000320559,10.235301795425459,1676.438137023294,12.744745701552004,0.5345137415793012,19.662913634715192
6.253073758204292,2.5441346239731244,43.79284180314179,66.74924578460542,1793.4060703451792,20.271964525197962,126.54816877677993,12.633431023250681,1.0251764635683736,22.832928189838004
6.53417369633632,4.053308005494268,23.15158165534557,89.30384586469589,1752.1720443811284,20.8956481977629,2003.8737000039175,8.123891600358073,0.48845532262529484,29.16600284106475
7.452525710003367,9.083802784484421,14.442018533858558,13.430138464913352,998.9269288482913,8.304775827890115,975.8517638047407,15.072717857845378,1.8935046608187232,50.56963723661182
4.563088384557132,10.484812915116,7.939869893200506,39.1270168482095,500.4644840770068,17.34045143684488,2694.7783690034207,10.672750965183544,5.435637603869696,31.35221545656099
4.360090428963916,10.217308577953412,11.790316203501629,73.00603233942856,1133.270412309298,19.278070396297164,2665.473384912767,13.58101761744306,6.473443205202908,26.7547001208246
6.382064803709984,5.6704270609937755,25.790957942240706,22.343028943456403,442.22594579658096,16.366267171648865,982.6189489016258,8.626312286591029,0.5035723215892545,42.512347699305856
4.204017701265089,8.514893933991786,18.48012705725145,52.18222069069433,2236.23288444114,3.7898768700024843,2703.873078114499,14.656779634458466,9.462410353963714,33.36631781497901
7.153786628017824,3.6523351018661203,38.15533463530438,67.31106016252235,930.1059057708578,21.897077087926426,2988.511443761349,16.506983200330527,8.429545497671292,25.828107419367214
6.7920637592150594,4.5780511677406395,22.235500946472236,57.35876327211522,470.70339333597707,13.477363818400217,2477.992835730605,3.0140815063960407,3.0012941974630762,39.278599739802665
4.6449701368750915,10.911526094471757,14.948570903505196,20.98210244231037,161.0746237738021,7.061810659250092,2536.165329788135,16.675301339927138,0.8180159257533562,37.73278086002518
6.254355338957486,1.6365201968627283,29.685799464161203,35.20768833828785,1649.973727087562,10.630704635942347,754.5361209661788,10.851900982627113,1.7403763785296198,31.212283620569668
6.272714370423412,2.3978395739719147,33.27108867541783,71.62230168125876,1628.5655618913838,0.9392772599726845,1734.3401725846913,16.908851590895463,1.3130969168619782,23.381766799981367
3.015619344179663,3.682805679033287,11.681676316037994,52.10925370122141,917.4499997951,3.1966700305604387,211.09518276242989,8.68290395618619,1.276673604024521,26.598409903061885
7.012764533397833,1.778588140675107,11.704768651532707,5.444517151147583,272.1085332343624,19.138668762896522,293.80463109679243,7.6429056591223965,5.209688802224052,38.65357014764344
5.026261862239286,3.405072068442872,6.466857077341719,69.68421460238798,1083.109347748557,0.00029086888415352785,2996.688909979539,18.309708577092728,2.4961820528093326,19.913138105923032
6.632287330538708,7.621936390181768,34.45608060262562,8.001465169920321,846.9219881521445,10.414145712057305,986.6513557834737,5.0982684242131855,3.613490179464987,51.111665858450216
4.100248005153059,5.924957781221228,31.552181104872204,68.38737153215473,1725.0895353640224,13.062754527139711,2247.0698970260505,16.89982527319425,9.895578067174009,18.087715722816416
6.977616142481002,10.873052966308236,23.985235029992555,22.21084761404518,1553.870198686457,1.3658605000243074,2421.928508550181,9.73200939293714,6.85892677680718,58.43866915284643
4.446008393670816,10.083157398253629,38.76681795876789,86.43624581014731,975.024947674096,24.326954074308322,2575.489580311615,10.330499306770067,9.492357637117664,29.10260854099412
2.554188257401492,5.089082192827698,37.22680611800213,36.27496386067718,622.9421302119763,5.653133281241798,2992.908609232448,6.238518801640732,1.4684377225795,25.606453201129273
7.0269098820963185,4.223946051028571,28.414174575870085,32.78918738873672,2471.2863187734206,7.604967990907022,732.0744909180348,11.50353979231841,3.8522877745840636,38.17503422657556
2.956433383930668,5.486770285756302,39.73085122053035,17.655484278257795,1189.6038908706757,7.598562806375683,130.64897231050213,6.571702805896605,5.569581442659424,34.337037397846814
4.096568187952075,7.698096896405481,13.233648401470731,30.976358316668264,1751.8581658725689,5.760416552933748,1239.462638803812,0.8814613434088809,0.8137427157929432,42.66657453052459
7.250309835254025,4.314668228640201,9.476784775909115,79.51531475539704,437.32712218806586,0.0368455521577854,398.9412027885514,5.512772246352685,0.09166506409818076,43.66915594517093
7.2530357346877805,8.053563532415907,15.789984460679584,89.68841869831603,1265.4152791825547,18.233619852199908,77.05340859454482,0.2269429637911545,6.720821621279328,43.18827321732682
5.36718944061643,5.7988223480080245,7.283474243572594,36.306310093082104,166.08812768671717,24.171137494982133,1087.6762131530434,19.569260262431445,6.436104192174281,23.244206308475945
5.659186060848996,7.296495398945792,26.24678112004128,43.13190363113612,1313.09228298508,5.607337082126127,2353.377370714957,19.318369475412975,4.137348659496136,34.1868445255431
4.742227609891598,6.079328555920825,42.464227691798456,66.37602974723265,2413.6417770824855,16.57617979508556,1702.8802667629618,7.963590419698869,4.9219585565187245,22.511970912528852
3.966053858490323,4.5918904751901355,6.573741626740386,80.32664133953134,1022.0961111659205,18.547408173967877,945.2061877389586,14.594580001358954,4.183657855891291,17.69898313421649
4.14332272684958,11.458759723102645,9.884396560401072,55.40876840587665,193.5904301797878,21.210634477263117,1966.4825964232318,6.981541358367457,0.2888501962066441,39.40280823017258
5.862592280385192,9.517860838677489,23.087961131337412,38.27968434511549,174.29389820642447,10.565729925340229,703.734359123344,13.454753826010922,3.386947481863751,41.13534244059909
6.2618726471884,2.971188345547752,42.3550007011162,40.07285647213302,1031.1682238724868,7.573272641010731,53.000523755534225,16.128057856614983,1.8119684412030337,26.520092802611902
6.457895218629242,10.618913746928085,17.64624419907002,64.12754245222858,484.0598475116657,8.132378350575777,2295.416625444918,18.94044926937559,1.0293206815586189,41.051065700782566
6.4480907139727694,6.618027581619893,25.289392347535696,5.273552406363688,156.0450311876462,17.81553332746282,1874.9918237433872,8.064224289408472,9.56936831719903,45.129977299787654
2.9560305152434516,10.89279838238796,6.662914362015684,57.66509368408646,1914.9126734804245,20.4194866626409,2289.2848472578703,15.687629860825348,6.0136292641695475,23.794030292564095
4.972101523512907,9.89848018744681,10.933728038483554,35.21690588751538,1200.4552213165377,4.540349193915066,126.42466989612018,5.391976167579163,7.300130028154196,48.16125997101526
2.7877938000832216,5.964741796926951,44.46520491835388,72.50677315855216,794.1874527343708,9.27352520394413,2512.98768721365,19.8076128454936,3.1878692454978688,12.260716594436992
5.247644411618678,1.7359277373612327,43.60474785744182,12.904204384966233,2260.1996392395536,22.548504918728753,1862.383338108547,0.6128150154105877,3.961813938465451,35.3091437354082
4.707652506866885,4.321112273541933,5.197599237376385,54.99719269061319,378.73350448126143,20.16733799236848,1694.552098630794,12.110223249372305,2.4073937392723983,21.992438743844172
6.938520913791499,7.187159253939103,43.07247141692956,45.88269564032052,2394.2051894927663,24.621460069061897,1877.5960038624494,13.224169034861408,1.0148084261059762,33.07975881297304
4.254575062760393,8.151521308174546,30.564797512620014,59.59766970194433,853.5201217056467,18.856206492052017,2594.655408136409,13.792106585775162,1.8313647925437586,28.41721382524944
3.0853350821380294,4.207820697048624,39.716731780800885,10.51255553105231,2232.168813540835,9.829880025698056,1764.9401546111321,2.4957128179028714,7.985264750700034,34.8854399575186
3.2149584102641793,2.963238777764653,23.189594225354362,54.29862193139116,1547.0629035507077,14.765945849865943,1747.0416358656562,18.776742691115295,6.791580761578569,15.922966556531218
6.307553158587361,10.266767486392641,25.62384114317001,52.72618997655952,2084.09766337957,16.525356356183007,2972.13067962664,3.705547253096648,5.4919423160554945,45.717380441513754
5.5910903165813055,11.836222897387298,24.55386321027681,52.65610802537453,2461.6315917051143,1.9613954079280989,2272.623199535018,12.492792724472837,4.777144235024342,48.30518863614661
3.0056133806139513,7.019746914178201,31.674570301844174,56.29645166069866,792.1730507649897,13.612423977596627,1332.4584782988945,4.53125397454939,9.228221122378438,21.157543935041737
2.920534030574987,3.302632501407187,10.586050190252516,62.49977466424079,2406.7251649782233,17.73302071181524,2125.117030098454,6.21360669872329,0.7737127303977506,15.764136569824913
6.0048456572956,4.359226928453374,6.198943594907118,73.42406497286542,1034.7565477658088,4.183032600026509,1173.7991103584475,10.974524980389674,2.8419780917172637,29.816118568341054
2.863815031820968,1.6931021037484006,17.317197663647637,27.93476121089822,1025.2285713686135,19.515792935638927,694.337632825662,8.402149029435071,3.5318816430286044,18.40223755706946
6.6093002964517815,11.10013746888524,33.18723050946587,75.12919986530528,916.9290502108137,14.59431951285279,1794.5871118944008,3.288489459432475,7.8351368315172385,47.458675472394845
6.031211135782481,2.736386370346482,13.074138084917934,47.35173299239356,1399.3782576342044,23.805544642439866,2785.264473360715,3.5016344081748807,9.925520470611614,25.372295698322464
2.906743903209499,7.553422992899662,31.937297332996692,11.549953726418149,469.94810362836904,1.0605574551722925,2788.1271648462334,8.421081284439712,2.4446716218336726,34.6504164274009
2.92418857042596,4.377579817215663,43.79648184429082,9.976828985738232,1428.9075648592268,6.633153438886675,1032.296781535416,15.169931267682463,8.749357974663953,17.300217678967016
7.433197892505877,7.318869026415831,8.756028631576736,33.41025708916517,1400.0915497840097,15.038846982495603,1587.755624002868,17.969496472270993,8.314696466296324,42.30944956241908
4.3713539787806015,8.339914077694575,31.90408472900505,71.71624305447475,1928.564350251688,7.413997805148267,642.791336723885,1.7741404789617186,2.2853411065355775,32.55812434108056
4.3532107353344545,10.212288938925617,22.750008772182845,65.15287945297784,2100.759908650205,17.860604101781057,2986.9370174016617,7.92276776043208,4.023359172982264,33.80247996163055
6.563997836287513,3.667423353486334,39.72569017510021,72.03227199715455,1157.0592407498177,18.975132063048274,2943.542544525128,2.094886718085245,4.1262450494605645,28.111867009441333
7.236242886919293,1.615456200914045,12.085991577895436,48.96786979753679,825.599798443585,2.5628991016618614,1952.0316998252674,0.43019036458869786,9.783295651839255,42.6409398291159
7.430005319114354,2.9372991157224764,32.70503808904658,42.4169148262167,722.4037535610267,12.846361605169193,2415.1980384356452,13.268201784614735,1.8498744187200382,38.448943498672236
6.266890926294709,10.950195739405103,38.52461158592441,17.533464770034136,567.0972080916927,12.722263889776396,2148.149482238263,12.088743895135096,8.001621812492582,51.174535315625086
4.381297927654579,10.67584581440641,42.78456877896093,32.89638405679148,238.35419727765972,9.232019255388527,1783.54307492801,3.3440803649162354,3.375217506022443,44.39334284562774
2.917503583493344,7.772837572788237,32.329921131585834,41.8916461247794,921.875149203312,23.323121564241802,169.5105109968041,4.752875378551975,7.322159940472795,25.552767532269108
6.385734579637184,7.80542703455336,24.886990560337093,12.531036522767465,748.5944611138798,20.68765799683053,1369.7453842324567,0.5717842975259158,4.229109492741845,50.522886306779036
5.292021248679025,8.482885082735683,29.713889608048554,23.752015980452956,2419.4017260793776,17.43023454774092,2027.6110434805576,16.715449393318636,5.804679643009573,35.478869019656685
4.6211100462348815,3.341398425546221,39.756199379148725,55.8491499954178,1438.5011830001054,17.858165893374938,2035.819525512217,19.496342861366173,8.334487144595006,10.0
7.03177192547368,11.101325432212077,27.824389865553186,67.53136471033113,933.4648936732182,11.542903595327978,1125.636629082927,2.795644782214347,8.051447371589648,55.58051542259571
3.0559874115307566,5.897090511366768,6.215482387873474,89.85953846840071,1493.1222423848703,23.024863027414398,2825.6590401075114,4.706356753929432,8.670910676220016,10.0
4.9631255214542955,5.522954546619723,42.23794782027911,84.3146331642024,434.0720832296692,17.364885681332133,510.3975263879752,17.38134952654399,0.6431923871793572,15.463534965930407
2.5567682238370955,6.948635905469795,32.58107004126245,59.61804196049128,1165.704998085287,18.22452654139541,1506.0747441845263,18.53662957932808,6.9359030027454605,10.052236146378403
4.843303209970632,1.9931426511380779,32.06053543108986,40.80608452999612,1602.9623714105533,21.54227259468363,2075.74308988696,8.450584917855524,1.4428743983815404,22.262018829147532
2.7815163784091865,3.245975371938834,13.627006095908687,59.07507600019978,1273.3547963018834,6.851789733554775,2094.4360596165097,1.107387198154575,4.187394751783189,22.36691789707314
3.0940895813403597,9.249352972476888,31.355418809306286,71.78038753681972,1064.269121570378,20.176772596667575,1949.4304807387584,0.883897490487106,5.50845472979415,25.693972150552497
3.0876312338855243,2.369386013213828,20.75457622616634,15.058576228487922,2485.2361333592758,4.881015073912301,833.1117582210619,11.521602334773307,4.057257873230966,19.03028958953397
5.746051510580318,7.8330971493970765,31.049319081659682,39.8419156241845,2212.7554291574247,8.633548806122196,477.0576403729997,7.918612666974262,5.220136174239924,43.26189310151334
6.230224396327117,4.07616565165387,9.263721212319629,76.38319427902746,1596.1742995826562,8.390261356746068,1911.4615772118655,0.6701833087953248,9.96543677254626,37.05250276966168
5.416843825485798,5.587603947440754,31.313812184121442,37.62580091430874,1466.5056668374787,24.463136709728513,1801.9133272569188,11.706722607019879,1.3954122714429045,26.26246902570997
7.310862742372709,4.531284236092349,44.97654903082666,53.609143054310856,1589.5851515790018,21.41343059369817,546.2744707648305,0.3249204781215472,6.770787651097434,40.505016428268036
4.37435289761852,5.234563522881966,6.928481554422241,54.96039567328685,583.1490587738398,17.529246539756492,2118.3660452559843,15.76870196717053,3.990209615536871,20.97712307884856
3.928560431409304,9.049982004434579,44.08696736885269,20.680481516359343,1048.3305838343647,18.176419040384754,1370.9642552836326,6.198013171797093,1.3734474991279213,35.87203003452014
6.842995640947302,4.619778014043337,21.276318428914823,35.79001254044451,194.70287893815836,14.051819860064278,2006.6041688934272,0.9011342598837188,1.6294307955743799,44.67320855693317
3.617979192597263,7.44724872311742,39.83013801349037,33.43345954306423,1241.310489968384,23.67726667771298,2513.7275685127506,11.80820919756475,9.495267407143889,29.481763374764814
7.316112697203057,6.4985292230905465,36.29541936233094,7.226720225225508,1403.2590014983916,12.406468822059038,517.4880014450002,8.013919847217787,8.802034892282032,47.06421976148899
2.5607723734490815,8.468547236307806,27.68065043946671,7.056299930765196,646.599366647703,9.512942746747363,67.24315531054167,19.478628225807274,9.075067506129468,20.490877731797816
7.349394133538195,11.336712262909959,34.537968370053065,75.69424871244074,2413.669233197233,4.075883423289775,2339.5167333234026,10.929553383823672,9.915751119482495,53.69264161885406
2.7157995597528806,9.192007020707628,40.14062245205392,28.211018847689054,2282.6910662493806,19.65514130652645,1832.9953012063218,5.577259702636464,2.1227381305847532,28.850484125344458
6.955715568490356,3.756873975202946,21.165612866041318,49.036695130299314,1833.1437650941741,18.361098301889786,2101.9223131701438,14.217833406216096,3.586621406772414,29.127914303641695
5.138505545431499,1.8274229181434891,18.081326462529546,30.39167375504571,1380.1279090368703,9.608875963103372,2516.083375216041,5.502690850599954,6.708729347752423,28.30461309303664
7.464823980596502,4.253772465148163,31.70373542254339,84.95773583480394,2187.925983154444,0.629835348980734,2410.4046951252567,18.094441499010546,4.863835271613439,31.481945220852772
2.868982823676994,7.748318272352676,37.31383767765034,27.040224503590768,413.565625176311,20.974933192950267,2883.1512393171856,7.55696721309679,4.212975857114418,30.413529162260254
5.269271422006604,2.0399710415846286,35.49140539106463,41.520829082809485,1997.223506259724,0.2854495863518408,1612.4458857678335,11.042384399246483,3.6102219308891503,31.221101622813737
7.346512678095495,6.711845595612981,36.912545954345376,79.18207129119115,399.5699535204359,17.592494490726274,1470.6019416531171,1.1064047661021543,5.958117287837349,45.67818420381101
5.115489220850744,7.766849913627337,22.42333259251732,76.56435317730373,2006.105590118573,24.256427743151427,1211.642727673283,8.579812635249391,5.777154614968816,23.890569160918965
5.646993190676312,5.009560853578089,37.71336864700086,20.81862051693357,761.8421638032567,10.941533203705086,469.53621810417155,16.6640344392538,1.6565054489391888,28.91390347159921
5.978743444923086,9.59457813933113,9.808362214824339,73.22468133263538,2205.0173944436533,5.874335124898819,1722.095626317247,16.132411226730504,4.7438113833084685,30.359065881297973
4.772705323838866,2.6192816579046037,26.779563918433983,43.94588537272087,2365.7010251809547,17.621775251084543,838.2674477346766,4.563939321185171,5.557044173288006,23.64246218194492
5.637790400420317,2.2889467082259918,5.230346419924863,46.05235412725519,457.11032657227753,20.42820355038963,2764.7094615167966,4.598973513110197,5.7243550403773344,29.941720802652995
5.421571559615501,9.145981940137835,17.98343319601081,16.34579765535522,1210.4214521569445,13.660757901946182,1753.7405047885218,16.36437571304341,2.1405665694779,40.45770801566611
7.005790052454945,6.702658820165084,19.658461394855916,11.851128669355596,2454.3697075904442,24.175881881403654,1782.5921397192494,18.614928561369577,7.435600352910253,35.69455782209471
2.7272319017072895,8.728225162491228,20.846907664370214,66.87484109277004,1260.177846335552,1.2917180414490277,1071.22473602226,1.9976823333327707,0.3007309934696428,33.80895879003425
3.9048159479611515,6.065687055339335,32.81868826759449,47.19919795020048,2172.5140540349084,12.619889957613204,165.4481624133454,9.056166924581882,3.580576962654468,25.217147730325372
7.252057420382794,4.087221349010622,20.54232405081383,42.13230972229026,1512.9556531151677,17.96134868306375,104.91385846523598,6.815340151388155,7.8131158529295535,39.253985266452815
6.9513189194545815,10.100574335579097,22.947744904901228,67.00819943545372,1000.7917790070445,21.566011778729475,1275.7720810180606,17.426700263603042,5.660734564501253,38.649387364100576
4.778283763928565,9.893866729174283,14.5017652349731,70.06859641424433,785.8805332620885,4.481390297694751,262.8504805107412,1.7621458021323735,2.648566203483059,40.24670801610638
5.600662989007684,8.79431294397148,19.930071665173603,18.50719425189505,587.7354186066095,20.000087044092034,1824.472397065016,4.301406256904944,6.964783537463324,46.204863153470036
3.8869059149056633,4.357523940914609,14.090785090526058,56.869137705599506,1928.3156593064734,13.817676892963632,2644.1092868625756,15.074119917971236,5.69553989435293,19.185124972348063
3.4406057986188063,7.697422002125414,7.9278369507377455,16.50509699360327,1027.6972163752669,9.91384204974908,2649.9153013909795,1.1207475947261902,7.972623914091051,38.77284344392252
4.818492024699911,5.2902259178702815,29.137943735255117,68.86688231246887,1327.0611092818028,3.292875714477339,1980.545776295375,9.901454076214355,7.363500602588742,31.18607845130876
4.266761140130264,2.4616117699296587,31.72851194220065,60.84118828270686,1281.5811520028367,21.63239397272281,641.5831761040637,8.897929990126427,6.120573824260534,22.623962628386096
5.41828055925436,11.13179254235355,29.77961384038458,86.31224279209393,1485.4696701595149,3.9318302044928837,2590.3605257630275,6.754583461876098,4.907367869342599,43.630180660271364
2.888673184824924,2.9365956246490947,23.539761752022894,10.8614313902958,2177.3851494989253,7.744696480227481,2659.4193715864926,7.9519890748465825,1.3751621503918579,24.890564932111605
7.3719740383308325,11.477492215118426,20.19143120716919,9.849651297856617,2453.7744246002308,7.251138299060922,597.9942190093466,10.645817679911634,2.6502635279595683,59.10657864365054
7.431053722398015,6.183060616058535,39.53334598287301,28.985901348922013,1078.2021005771608,21.78535085477136,2214.903996454325,3.311210431928824,4.220039755524998,47.46732152629101
